firstName,lastName,birthDate,email,phone,street1,street2,city,state,zipcode,country
Nora,Walsh,1989/05/13,norawalsh@mail.com,2151234567,55 East 10th,13 Washington Square,New York,Massachussets,10011,USA
Marc,Black,1978/07/20,marcblack@mail.com,2151283745,55 Clark St,181 Mercer Street,California,Pennsylvania,10012,USA
Diego,Diaz,1991/09/12,diegodiaz@mail.com,2150122923,242 Greene St,20 Cooper Square,San Francisco,Maine,10003,USA
David,Lopez,1981/04/12,davidlopez@mail.com,2150543923,242 West St,20 Aurum Square,Connecticut,Maine,10006,USA
Penny,Gomez,1992/02/22,pgomez@mail.com,2112343923,240 South St,20 Zephyr Square,San Diego,Maine,10007,USA